prospect_id,organisation,sector,country,official_website,official_contact_page,fit_reason,service_offer,personalized_draft_status,human_review,send_status,sent_at,reply_status,qualified_enquiry,quote_inr,order_status,payment_received_inr,delivery_status,follow_up_due,notes
P-001,,,,,,,,NOT_STARTED,REQUIRED,NOT_SENT,,,NO,0,NOT_ORDERED,0,NOT_STARTED,,
P-002,,,,,,,,NOT_STARTED,REQUIRED,NOT_SENT,,,NO,0,NOT_ORDERED,0,NOT_STARTED,,
P-003,,,,,,,,NOT_STARTED,REQUIRED,NOT_SENT,,,NO,0,NOT_ORDERED,0,NOT_STARTED,,
P-004,,,,,,,,NOT_STARTED,REQUIRED,NOT_SENT,,,NO,0,NOT_ORDERED,0,NOT_STARTED,,
P-005,,,,,,,,NOT_STARTED,REQUIRED,NOT_SENT,,,NO,0,NOT_ORDERED,0,NOT_STARTED,,
P-006,,,,,,,,NOT_STARTED,REQUIRED,NOT_SENT,,,NO,0,NOT_ORDERED,0,NOT_STARTED,,
P-007,,,,,,,,NOT_STARTED,REQUIRED,NOT_SENT,,,NO,0,NOT_ORDERED,0,NOT_STARTED,,
P-008,,,,,,,,NOT_STARTED,REQUIRED,NOT_SENT,,,NO,0,NOT_ORDERED,0,NOT_STARTED,,
P-009,,,,,,,,NOT_STARTED,REQUIRED,NOT_SENT,,,NO,0,NOT_ORDERED,0,NOT_STARTED,,
P-010,,,,,,,,NOT_STARTED,REQUIRED,NOT_SENT,,,NO,0,NOT_ORDERED,0,NOT_STARTED,,
